Timestamp,PacketID,RSSI_dBm,Corrente_A,Comando_Pct,TensaoTotal_V,Celulas_N,C1,C2,C3,C4,C5,C6,Corrente_Med_A,Corrente_Min_A,LoopMs,PwmIdleMs
2026-06-01T22_21_01,23155,-44,1.29,1,16.40,4,4.028,4.155,4.106,4.107,0.000,0.000,-0.16,-1.72,20,7
2026-06-01T22_21_01,23156,-43,1.16,0,16.40,4,4.028,4.156,4.106,4.109,0.000,0.000,-0.06,-1.35,19,16
2026-06-01T22_21_01,23157,-43,1.54,0,16.40,4,4.027,4.156,4.106,4.107,0.000,0.000,-0.11,-1.47,19,6
2026-06-01T22_21_01,23158,-43,0.91,0,16.40,4,4.028,4.156,4.105,4.108,0.000,0.000,-0.08,-1.47,19,15
2026-06-01T22_21_01,23159,-43,1.16,0,16.40,4,4.028,4.155,4.106,4.108,0.000,0.000,-0.16,-1.47,19,5
2026-06-01T22_21_01,23160,-43,1.29,0,16.40,4,4.028,4.156,4.105,4.108,0.000,0.000,-0.16,-1.47,19,15
2026-06-01T22_21_01,23161,-43,0.91,0,16.40,4,4.027,4.156,4.105,4.107,0.000,0.000,-0.19,-1.60,19,5
2026-06-01T22_21_01,23162,-44,1.16,0,16.40,4,4.027,4.156,4.106,4.106,0.000,0.000,-0.08,-1.35,19,15
2026-06-01T22_21_01,23163,-44,1.16,0,16.40,4,4.028,4.155,4.106,4.107,0.000,0.000,-0.27,-1.60,19,5
2026-06-01T22_21_01,23164,-44,1.29,0,16.40,4,4.027,4.156,4.106,4.106,0.000,0.000,-0.09,-1.35,19,15
2026-06-01T22_21_01,23165,-44,1.04,0,16.40,4,4.028,4.155,4.106,4.108,0.000,0.000,-0.09,-1.22,19,5
2026-06-01T22_21_01,23166,-41,1.16,0,16.40,4,4.028,4.155,4.106,4.108,0.000,0.000,-0.16,-1.35,19,14
2026-06-01T22_21_01,23167,-41,1.16,0,16.40,4,4.027,4.156,4.106,4.107,0.000,0.000,-0.19,-1.35,19,4
2026-06-01T22_21_02,23168,-44,1.04,0,16.40,4,4.028,4.155,4.106,4.107,0.000,0.000,-0.17,-1.35,19,14
2026-06-01T22_21_02,23169,-44,1.04,0,16.40,4,4.028,4.156,4.105,4.108,0.000,0.000,-0.21,-1.22,19,4
2026-06-01T22_21_02,23170,-44,0.79,0,16.40,4,4.027,4.156,4.106,4.106,0.000,0.000,-0.17,-1.10,19,14
2026-06-01T22_21_02,23171,-44,1.54,0,16.40,4,4.028,4.156,4.105,4.106,0.000,0.000,-0.12,-1.60,19,4
2026-06-01T22_21_02,23172,-46,1.16,0,16.40,4,4.028,4.156,4.105,4.107,0.000,0.000,-0.17,-1.47,19,14
2026-06-01T22_21_02,23173,-46,1.16,3,16.40,4,4.028,4.155,4.106,4.107,0.000,0.000,-0.13,-1.10,19,4
2026-06-01T22_21_02,23174,-44,1.79,0,16.40,4,4.028,4.156,4.105,4.107,0.000,0.000,-0.06,-1.35,19,14
2026-06-01T22_21_02,23175,-44,1.54,0,16.40,4,4.028,4.156,4.105,4.107,0.000,0.000,-0.15,-1.35,19,3
2026-06-01T22_21_02,23176,-44,2.80,0,16.40,4,4.027,4.156,4.105,4.107,0.000,0.000,-0.17,-1.60,19,13
2026-06-01T22_21_02,23177,-44,1.16,0,16.40,4,4.028,4.156,4.106,4.107,0.000,0.000,-0.10,-1.22,19,3
2026-06-01T22_21_02,23178,-47,1.16,0,16.40,4,4.028,4.155,4.106,4.108,0.000,0.000,-0.15,-1.35,19,13
2026-06-01T22_21_02,23179,-47,1.29,0,16.40,4,4.028,4.156,4.106,4.107,0.000,0.000,-0.12,-1.35,19,3
2026-06-01T22_21_02,23180,-48,0.91,0,16.40,4,4.027,4.156,4.106,4.106,0.000,0.000,-0.20,-1.35,19,13
2026-06-01T22_21_02,23181,-48,1.54,0,16.40,4,4.028,4.155,4.106,4.106,0.000,0.000,-0.14,-1.60,19,3
2026-06-01T22_21_02,23182,-47,1.29,0,16.40,4,4.028,4.155,4.106,4.106,0.000,0.000,-0.25,-1.60,19,13
2026-06-01T22_21_02,23183,-47,1.04,0,16.40,4,4.028,4.155,4.106,4.106,0.000,0.000,-0.11,-1.60,19,3
2026-06-01T22_21_02,23184,-48,1.16,0,16.40,4,4.028,4.155,4.106,4.107,0.000,0.000,-0.10,-1.22,19,12
2026-06-01T22_21_02,23185,-48,0.91,0,16.40,4,4.028,4.156,4.106,4.106,0.000,0.000,-0.21,-1.35,19,2
2026-06-01T22_21_02,23186,-48,1.16,0,16.40,4,4.028,4.156,4.105,4.107,0.000,0.000,-0.17,-2.35,19,12
2026-06-01T22_21_02,23187,-48,0.91,0,16.40,4,4.028,4.155,4.106,4.107,0.000,0.000,-0.19,-1.35,19,2
2026-06-01T22_21_03,23188,-48,1.16,0,16.40,4,4.028,4.155,4.107,4.106,0.000,0.000,-0.16,-1.22,19,12
2026-06-01T22_21_03,23189,-48,1.04,0,16.40,4,4.028,4.156,4.105,4.107,0.000,0.000,-0.22,-1.35,19,2
2026-06-01T22_21_03,23190,-46,1.04,0,16.40,4,4.028,4.155,4.106,4.106,0.000,0.000,-0.13,-1.22,19,12
2026-06-01T22_21_03,23191,-46,0.79,0,16.40,4,4.028,4.156,4.106,4.106,0.000,0.000,-0.10,-1.60,19,2
2026-06-01T22_21_03,23192,-46,1.16,0,16.40,4,4.028,4.155,4.106,4.106,0.000,0.000,-0.12,-1.35,19,12
2026-06-01T22_21_03,23193,-42,1.16,0,16.40,4,4.028,4.155,4.106,4.106,0.000,0.000,-0.17,-1.47,19,1
2026-06-01T22_21_03,23194,-42,1.54,0,16.40,4,4.028,4.155,4.106,4.106,0.000,0.000,-0.15,-1.60,18,11
2026-06-01T22_21_03,23195,-44,1.79,0,16.40,4,4.028,4.155,4.106,4.107,0.000,0.000,-0.11,-1.22,19,1
2026-06-01T22_21_03,23196,-44,1.16,0,16.40,4,4.028,4.155,4.106,4.106,0.000,0.000,-0.16,-1.35,19,11
2026-06-01T22_21_03,23197,-44,0.91,0,16.40,4,4.028,4.155,4.106,4.107,0.000,0.000,-0.17,-1.47,19,1
2026-06-01T22_21_03,23198,-44,1.54,0,16.40,4,4.028,4.155,4.107,4.106,0.000,0.000,-0.14,-1.22,19,11
2026-06-01T22_21_03,23199,-46,1.16,0,16.40,4,4.028,4.155,4.106,4.106,0.000,0.000,-0.09,-1.47,19,1
2026-06-01T22_21_03,23200,-46,1.29,0,16.40,4,4.028,4.155,4.106,4.106,0.000,0.000,-0.11,-1.10,19,11
2026-06-01T22_21_03,23201,-43,1.29,0,16.40,4,4.028,4.155,4.106,4.106,0.000,0.000,-0.12,-1.22,19,0
2026-06-01T22_21_03,23202,-43,1.29,0,16.40,4,4.028,4.155,4.107,4.106,0.000,0.000,-0.14,-1.35,19,10
2026-06-01T22_21_03,23203,-42,1.16,3,16.40,4,4.028,4.155,4.106,4.106,0.000,0.000,-0.24,-1.35,19,0
2026-06-01T22_21_03,23204,-42,1.16,0,16.40,4,4.028,4.156,4.106,4.106,0.000,0.000,-0.13,-1.35,19,10
2026-06-01T22_21_03,23205,-43,1.29,0,16.40,4,4.028,4.155,4.106,4.107,0.000,0.000,-0.17,-1.47,19,0
2026-06-01T22_21_03,23206,-43,1.54,0,16.40,4,4.028,4.155,4.106,4.106,0.000,0.000,-0.18,-1.22,19,10
2026-06-01T22_21_03,23207,-44,1.54,0,16.40,4,4.028,4.155,4.106,4.107,0.000,0.000,-0.17,-1.22,19,0
2026-06-01T22_21_04,23208,-44,1.04,0,16.40,4,4.028,4.155,4.107,4.107,0.000,0.000,-0.17,-1.60,19,10
2026-06-01T22_21_04,23209,-45,1.04,3,16.40,4,4.028,4.155,4.106,4.106,0.000,0.000,-0.09,-1.47,19,0
2026-06-01T22_21_04,23210,-45,1.16,0,16.40,4,4.028,4.155,4.107,4.107,0.000,0.000,-0.14,-1.10,19,9
2026-06-01T22_21_04,23211,-44,1.42,0,16.40,4,4.028,4.155,4.106,4.106,0.000,0.000,-0.19,-1.35,19,0
2026-06-01T22_21_04,23212,-44,1.16,0,16.40,4,4.028,4.155,4.106,4.106,0.000,0.000,-0.15,-1.35,19,9
2026-06-01T22_21_04,23213,-41,1.54,0,16.40,4,4.028,4.155,4.106,4.106,0.000,0.000,-0.10,-1.22,19,0
2026-06-01T22_21_04,23214,-41,1.79,0,16.40,4,4.028,4.155,4.106,4.106,0.000,0.000,-0.13,-1.22,19,9
2026-06-01T22_21_04,23215,-46,1.67,0,16.40,4,4.028,4.155,4.106,4.107,0.000,0.000,-0.14,-1.22,19,0
2026-06-01T22_21_04,23216,-46,1.04,0,16.40,4,4.028,4.156,4.106,4.107,0.000,0.000,-0.04,-1.60,19,9
2026-06-01T22_21_04,23217,-50,1.42,0,16.40,4,4.028,4.156,4.105,4.108,0.000,0.000,-0.05,-1.60,19,0
2026-06-01T22_21_04,23218,-50,1.54,0,16.40,4,4.028,4.155,4.106,4.107,0.000,0.000,-0.16,-1.10,19,9
2026-06-01T22_21_04,23219,-51,2.04,0,16.40,4,4.028,4.155,4.106,4.108,0.000,0.000,-0.01,-1.10,19,18
2026-06-01T22_21_04,23220,-51,1.79,0,16.40,4,4.028,4.156,4.105,4.108,0.000,0.000,-0.05,-1.35,19,8
2026-06-01T22_21_04,23221,-51,1.79,0,16.40,4,4.028,4.156,4.106,4.107,0.000,0.000,-0.06,-1.35,19,18
2026-06-01T22_21_04,23222,-51,1.16,0,16.40,4,4.028,4.155,4.106,4.107,0.000,0.000,-0.13,-1.35,19,8
2026-06-01T22_21_04,23223,-47,3.05,0,16.40,4,4.028,4.156,4.106,4.106,0.000,0.000,-0.18,-1.97,19,18
2026-06-01T22_21_04,23224,-47,1.16,0,16.40,4,4.028,4.156,4.105,4.107,0.000,0.000,-0.22,-1.35,19,8
2026-06-01T22_21_04,23225,-47,1.29,0,16.40,4,4.028,4.156,4.105,4.108,0.000,0.000,-0.16,-1.22,19,18
2026-06-01T22_21_04,23226,-47,1.04,0,16.40,4,4.027,4.156,4.106,4.108,0.000,0.000,-0.16,-1.35,19,8
2026-06-01T22_21_04,23227,-45,0.91,0,16.40,4,4.028,4.155,4.105,4.108,0.000,0.000,-0.20,-2.48,19,18
2026-06-01T22_21_05,23228,-45,1.42,0,16.40,4,4.028,4.156,4.105,4.107,0.000,0.000,-0.08,-1.47,19,7
2026-06-01T22_21_05,23229,-44,1.67,0,16.40,4,4.028,4.156,4.105,4.107,0.000,0.000,-0.14,-1.35,19,17
2026-06-01T22_21_05,23230,-44,0.91,0,16.40,4,4.027,4.156,4.105,4.107,0.000,0.000,-0.17,-1.60,19,7
2026-06-01T22_21_05,23231,-47,1.16,0,16.40,4,4.028,4.156,4.105,4.108,0.000,0.000,-0.17,-1.47,19,17
2026-06-01T22_21_05,23232,-47,1.67,1,16.40,4,4.027,4.156,4.106,4.106,0.000,0.000,-0.04,-1.22,19,7
2026-06-01T22_21_05,23233,-49,1.04,0,16.40,4,4.028,4.156,4.105,4.108,0.000,0.000,-0.18,-1.35,19,17
2026-06-01T22_21_05,23234,-49,1.04,2,16.40,4,4.028,4.156,4.105,4.107,0.000,0.000,-0.15,-1.35,19,7
2026-06-01T22_21_05,23235,-49,0.79,0,16.40,4,4.028,4.156,4.105,4.107,0.000,0.000,-0.14,-1.22,19,17
2026-06-01T22_21_05,23236,-46,1.42,0,16.40,4,4.027,4.156,4.106,4.108,0.000,0.000,-0.14,-1.47,19,6
2026-06-01T22_21_05,23237,-46,1.16,0,16.40,4,4.027,4.156,4.105,4.107,0.000,0.000,-0.21,-1.35,19,16
2026-06-01T22_21_05,23238,-47,1.16,3,16.40,4,4.028,4.156,4.105,4.108,0.000,0.000,-0.12,-1.35,19,6
2026-06-01T22_21_05,23239,-47,1.29,0,16.40,4,4.028,4.156,4.105,4.106,0.000,0.000,-0.19,-1.47,19,16
2026-06-01T22_21_05,23240,-46,1.04,0,16.40,4,4.028,4.156,4.105,4.107,0.000,0.000,-0.19,-1.22,19,6
2026-06-01T22_21_05,23241,-46,1.29,0,16.40,4,4.027,4.156,4.106,4.107,0.000,0.000,-0.18,-1.35,19,16
2026-06-01T22_21_05,23242,-48,1.04,3,16.40,4,4.028,4.156,4.106,4.107,0.000,0.000,-0.09,-1.22,19,6
2026-06-01T22_21_05,23243,-48,1.16,0,16.40,4,4.028,4.156,4.105,4.108,0.000,0.000,-0.11,-1.10,19,16
2026-06-01T22_21_05,23244,-48,1.16,0,16.40,4,4.028,4.155,4.106,4.106,0.000,0.000,-0.13,-1.35,19,6
2026-06-01T22_21_05,23245,-48,1.16,0,16.40,4,4.027,4.156,4.106,4.107,0.000,0.000,-0.08,-1.10,19,15
2026-06-01T22_21_05,23246,-49,0.91,0,16.40,4,4.028,4.155,4.106,4.107,0.000,0.000,-0.23,-1.60,19,5
2026-06-01T22_21_05,23247,-49,0.91,0,16.40,4,4.028,4.155,4.107,4.106,0.000,0.000,-0.21,-1.35,19,15
2026-06-01T22_21_06,23248,-49,1.04,0,16.40,4,4.028,4.156,4.106,4.106,0.000,0.000,-0.07,-1.22,19,5
2026-06-01T22_21_06,23249,-49,1.04,0,16.40,4,4.028,4.156,4.106,4.106,0.000,0.000,-0.18,-1.35,19,15
2026-06-01T22_21_06,23250,-51,1.04,3,16.40,4,4.027,4.156,4.106,4.106,0.000,0.000,-0.15,-1.22,19,5
2026-06-01T22_21_06,23251,-51,1.42,0,16.40,4,4.027,4.156,4.106,4.106,0.000,0.000,-0.04,-1.22,19,15
2026-06-01T22_21_06,23252,-50,1.04,0,16.40,4,4.028,4.156,4.106,4.106,0.000,0.000,-0.19,-1.35,19,5
2026-06-01T22_21_06,23253,-50,1.16,0,16.40,4,4.028,4.155,4.106,4.106,0.000,0.000,-0.16,-1.47,19,14
2026-06-01T22_21_06,23254,-49,1.04,0,16.40,4,4.028,4.155,4.106,4.106,0.000,0.000,-0.11,-5.61,19,4
2026-06-01T22_21_06,23255,-49,1.16,0,16.40,4,4.028,4.155,4.106,4.106,0.000,0.000,-0.10,-1.22,19,14
2026-06-01T22_21_06,23256,-45,0.91,0,16.40,4,4.028,4.156,4.106,4.106,0.000,0.000,-0.10,-1.10,19,4
2026-06-01T22_21_06,23257,-45,1.04,0,16.40,4,4.028,4.156,4.106,4.106,0.000,0.000,-0.18,-1.35,19,14
2026-06-01T22_21_06,23258,-45,0.66,0,16.40,4,4.028,4.155,4.106,4.107,0.000,0.000,-0.26,-1.10,19,4
2026-06-01T22_21_06,23259,-45,1.29,0,16.40,4,4.028,4.156,4.106,4.107,0.000,0.000,-0.09,-1.22,19,14
2026-06-01T22_21_06,23260,-44,1.16,3,16.40,4,4.028,4.156,4.105,4.106,0.000,0.000,-0.19,-1.35,19,4
2026-06-01T22_21_06,23261,-44,1.16,0,16.40,4,4.028,4.155,4.106,4.106,0.000,0.000,-0.14,-1.35,19,14
2026-06-01T22_21_06,23262,-46,1.67,0,16.40,4,4.028,4.156,4.106,4.106,0.000,0.000,-0.01,-1.47,19,3
2026-06-01T22_21_06,23263,-46,1.29,0,16.40,4,4.028,4.155,4.106,4.106,0.000,0.000,-0.11,-1.47,19,13
2026-06-01T22_21_06,23264,-46,1.92,0,16.40,4,4.028,4.156,4.105,4.107,0.000,0.000,-0.20,-1.97,19,3
2026-06-01T22_21_06,23265,-46,1.67,0,16.40,4,4.028,4.155,4.107,4.107,0.000,0.000,-0.09,-1.35,19,13
2026-06-01T22_21_06,23266,-50,1.67,0,16.40,4,4.027,4.156,4.106,4.107,0.000,0.000,-0.12,-1.60,19,3
2026-06-01T22_21_06,23267,-50,1.16,1,16.40,4,4.028,4.155,4.107,4.107,0.000,0.000,-0.12,-1.47,19,13
2026-06-01T22_21_07,23268,-46,1.16,7,16.40,4,4.028,4.156,4.106,4.106,0.000,0.000,-0.17,-1.22,19,3
2026-06-01T22_21_07,23269,-46,1.54,9,16.40,4,4.028,4.155,4.106,4.106,0.000,0.000,-0.17,-1.22,19,13
2026-06-01T22_21_07,23270,-48,26.78,16,15.77,4,3.866,3.996,3.979,3.929,0.000,0.000,6.87,-4.23,19,2
2026-06-01T22_21_07,23271,-48,36.32,21,15.62,4,3.812,3.953,3.964,3.895,0.000,0.000,9.79,-5.24,19,12
2026-06-01T22_21_07,23272,-46,56.54,27,15.16,4,3.706,3.811,3.865,3.781,0.000,0.000,14.18,-19.67,19,2
2026-06-01T22_21_07,23273,-46,67.34,33,15.02,4,3.646,3.772,3.835,3.771,0.000,0.000,18.44,-10.50,19,12
2026-06-01T22_21_07,23274,-51,62.45,39,14.79,4,3.592,3.771,3.738,3.689,0.000,0.000,21.01,-14.40,19,2
2026-06-01T22_21_07,23275,-51,80.90,48,14.32,4,3.520,3.562,3.563,3.675,0.000,0.000,25.38,-16.05,19,11
2026-06-01T22_21_07,23276,-57,69.10,51,14.27,4,3.481,3.646,3.614,3.527,0.000,0.000,27.01,-8.00,19,1
2026-06-01T22_21_07,23277,-57,65.71,51,14.49,4,3.532,3.634,3.705,3.620,0.000,0.000,22.71,-9.88,19,11
2026-06-01T22_21_07,23278,-57,54.66,51,14.61,4,3.597,3.727,3.655,3.632,0.000,0.000,21.40,-17.67,19,1
2026-06-01T22_21_07,23279,-48,48.38,51,14.74,4,3.603,3.726,3.779,3.631,0.000,0.000,20.62,-8.13,19,11
2026-06-01T22_21_07,23280,-48,48.76,55,14.75,4,3.590,3.735,3.780,3.649,0.000,0.000,17.99,-14.66,19,1
2026-06-01T22_21_07,23281,-53,46.50,53,14.89,4,3.638,3.736,3.784,3.729,0.000,0.000,17.59,-10.76,19,11
2026-06-01T22_21_07,23282,-53,39.46,55,14.95,4,3.648,3.763,3.807,3.732,0.000,0.000,16.92,-9.26,19,1
2026-06-01T22_21_07,23283,-47,39.34,55,14.99,4,3.649,3.803,3.799,3.735,0.000,0.000,16.21,-5.24,19,10
2026-06-01T22_21_07,23284,-47,34.82,56,14.92,4,3.663,3.775,3.807,3.674,0.000,0.000,14.52,-5.36,19,0
2026-06-01T22_21_07,23285,-47,34.94,57,14.96,4,3.643,3.797,3.823,3.699,0.000,0.000,14.85,-9.51,18,10
2026-06-01T22_21_07,23286,-47,36.70,59,14.94,4,3.657,3.790,3.769,3.725,0.000,0.000,15.11,-1.85,19,0
2026-06-01T22_21_07,23287,-46,39.21,62,14.78,4,3.602,3.740,3.740,3.701,0.000,0.000,16.81,-1.34,18,10
2026-06-01T22_21_08,23288,-46,39.47,63,14.72,4,3.592,3.726,3.706,3.692,0.000,0.000,17.84,-3.73,19,0
2026-06-01T22_21_08,23289,-46,41.47,67,14.54,4,3.537,3.691,3.727,3.587,0.000,0.000,19.70,-1.34,18,10
2026-06-01T22_21_08,23290,-46,45.74,72,14.26,4,3.480,3.580,3.708,3.494,0.000,0.000,23.93,2.43,19,1
2026-06-01T22_21_08,23291,-45,45.12,76,14.13,4,3.422,3.575,3.610,3.524,0.000,0.000,26.95,-0.34,19,9
2026-06-01T22_21_08,23292,-45,46.37,80,13.81,4,3.369,3.482,3.566,3.392,0.000,0.000,27.17,3.93,19,1
2026-06-01T22_21_08,23293,-46,49.26,85,13.77,4,3.327,3.479,3.568,3.394,0.000,0.000,30.37,7.07,19,9
2026-06-01T22_21_08,23294,-46,45.62,88,13.61,4,3.315,3.431,3.494,3.369,0.000,0.000,31.34,8.58,19,1
2026-06-01T22_21_08,23295,-49,47.50,92,13.53,4,3.285,3.408,3.506,3.329,0.000,0.000,32.18,11.71,19,9
2026-06-01T22_21_08,23296,-49,45.74,93,13.50,4,3.279,3.407,3.487,3.323,0.000,0.000,32.60,14.73,19,0
2026-06-01T22_21_08,23297,-48,40.72,98,13.48,4,3.278,3.410,3.488,3.300,0.000,0.000,32.21,18.37,19,13
2026-06-01T22_21_08,23298,-47,39.59,99,13.58,4,3.287,3.406,3.503,3.383,0.000,0.000,30.65,18.12,19,3
2026-06-01T22_21_08,23299,-47,37.21,99,13.62,4,3.315,3.436,3.525,3.345,0.000,0.000,29.39,17.49,19,13
2026-06-01T22_21_08,23300,-48,35.82,99,13.72,4,3.330,3.462,3.557,3.368,0.000,0.000,27.84,16.36,19,3
2026-06-01T22_21_08,23301,-48,33.56,99,13.84,4,3.350,3.470,3.576,3.442,0.000,0.000,26.13,16.49,19,13
2026-06-01T22_21_08,23302,-48,31.93,99,13.88,4,3.364,3.494,3.591,3.431,0.000,0.000,25.44,15.36,19,3
2026-06-01T22_21_08,23303,-48,32.43,99,13.96,4,3.378,3.511,3.594,3.472,0.000,0.000,23.45,14.10,19,13
2026-06-01T22_21_08,23304,-46,30.17,99,13.99,4,3.390,3.542,3.594,3.467,0.000,0.000,24.08,14.73,19,2
2026-06-01T22_21_08,23305,-46,28.92,99,14.01,4,3.411,3.551,3.611,3.434,0.000,0.000,22.54,13.60,19,12
2026-06-01T22_21_08,23306,-45,28.42,99,14.07,4,3.434,3.538,3.586,3.513,0.000,0.000,22.71,13.35,19,2
2026-06-01T22_21_09,23307,-45,26.78,99,14.12,4,3.439,3.534,3.626,3.519,0.000,0.000,21.25,13.22,19,12
2026-06-01T22_21_09,23308,-43,26.15,99,14.13,4,3.445,3.583,3.618,3.482,0.000,0.000,20.11,12.97,19,2
2026-06-01T22_21_09,23309,-43,26.15,99,14.16,4,3.462,3.565,3.607,3.528,0.000,0.000,19.95,13.22,19,12
2026-06-01T22_21_09,23310,-47,26.03,100,14.20,4,3.460,3.584,3.647,3.511,0.000,0.000,19.70,12.97,19,2
2026-06-01T22_21_09,23311,-47,23.77,99,14.21,4,3.474,3.589,3.606,3.545,0.000,0.000,19.01,12.22,19,12
2026-06-01T22_21_09,23312,-49,24.40,99,14.24,4,3.471,3.600,3.656,3.517,0.000,0.000,19.23,12.22,19,1
2026-06-01T22_21_09,23313,-49,23.27,99,14.27,4,3.491,3.578,3.647,3.559,0.000,0.000,18.16,12.59,19,11
2026-06-01T22_21_09,23314,-48,22.51,99,14.29,4,3.483,3.605,3.655,3.542,0.000,0.000,18.02,12.22,19,1
2026-06-01T22_21_09,23315,-48,22.14,99,14.31,4,3.485,3.595,3.664,3.561,0.000,0.000,17.85,12.22,19,11
2026-06-01T22_21_09,23316,-47,21.88,99,14.31,4,3.499,3.605,3.641,3.564,0.000,0.000,17.54,11.46,19,1
2026-06-01T22_21_09,23317,-47,21.13,99,14.33,4,3.493,3.628,3.663,3.543,0.000,0.000,17.40,11.84,19,11
2026-06-01T22_21_09,23318,-45,21.51,99,14.36,4,3.498,3.604,3.676,3.578,0.000,0.000,17.19,11.71,19,1
2026-06-01T22_21_09,23319,-45,22.01,99,14.35,4,3.513,3.610,3.653,3.570,0.000,0.000,17.03,10.96,19,11
2026-06-01T22_21_09,23320,-47,22.26,99,14.35,4,3.509,3.633,3.660,3.544,0.000,0.000,16.86,11.59,19,1
2026-06-01T22_21_09,23321,-47,21.13,99,14.38,4,3.503,3.632,3.675,3.567,0.000,0.000,16.82,10.71,19,10
2026-06-01T22_21_09,23322,-47,21.38,99,14.40,4,3.511,3.624,3.672,3.591,0.000,0.000,16.79,11.21,19,0
2026-06-01T22_21_09,23323,-47,21.01,99,14.39,4,3.516,3.625,3.662,3.588,0.000,0.000,16.26,11.59,19,10
2026-06-01T22_21_09,23324,-46,20.76,96,14.39,4,3.511,3.644,3.655,3.575,0.000,0.000,16.32,10.71,19,0
2026-06-01T22_21_09,23325,-46,21.13,99,14.38,4,3.514,3.637,3.675,3.548,0.000,0.000,16.14,10.58,19,10
2026-06-01T22_21_09,23326,-48,20.00,100,14.39,4,3.512,3.639,3.696,3.546,0.000,0.000,16.28,11.21,19,0
2026-06-01T22_21_10,23327,-48,20.38,99,14.41,4,3.517,3.624,3.685,3.587,0.000,0.000,15.82,10.71,19,10
2026-06-01T22_21_10,23328,-50,20.25,99,14.43,4,3.514,3.625,3.669,3.622,0.000,0.000,16.10,9.96,19,0
2026-06-01T22_21_10,23329,-50,19.88,99,14.40,4,3.524,3.639,3.652,3.589,0.000,0.000,15.79,10.08,18,10
2026-06-01T22_21_10,23330,-49,19.88,99,14.40,4,3.521,3.638,3.674,3.568,0.000,0.000,15.96,10.08,19,1
2026-06-01T22_21_10,23331,-49,19.37,99,14.41,4,3.520,3.641,3.698,3.556,0.000,0.000,15.66,10.46,19,9
2026-06-01T22_21_10,23332,-49,19.50,99,14.43,4,3.520,3.637,3.691,3.582,0.000,0.000,15.60,10.58,19,1
2026-06-01T22_21_10,23333,-47,19.37,99,14.43,4,3.522,3.631,3.680,3.602,0.000,0.000,15.50,9.71,19,9
2026-06-01T22_21_10,23334,-47,19.75,99,14.43,4,3.526,3.631,3.686,3.586,0.000,0.000,15.32,9.96,19,1
2026-06-01T22_21_10,23335,-47,19.63,99,14.42,4,3.527,3.642,3.673,3.574,0.000,0.000,15.34,10.58,19,9
2026-06-01T22_21_10,23336,-47,20.25,99,14.42,4,3.521,3.644,3.668,3.585,0.000,0.000,15.42,10.83,19,1
2026-06-01T22_21_10,23337,-44,19.88,99,14.41,4,3.528,3.641,3.673,3.572,0.000,0.000,15.38,10.84,19,9
2026-06-01T22_21_10,23338,-44,20.25,99,14.41,4,3.527,3.641,3.692,3.555,0.000,0.000,15.31,10.46,19,1
2026-06-01T22_21_10,23339,-44,19.12,99,14.44,4,3.522,3.646,3.689,3.585,0.000,0.000,15.28,10.71,19,8
2026-06-01T22_21_10,23340,-44,19.00,99,14.45,4,3.525,3.626,3.705,3.592,0.000,0.000,15.27,10.08,19,0
2026-06-01T22_21_10,23341,-46,19.88,99,14.43,4,3.526,3.622,3.690,3.595,0.000,0.000,15.29,10.71,19,8
2026-06-01T22_21_10,23342,-46,18.49,99,14.44,4,3.526,3.639,3.669,3.607,0.000,0.000,15.02,10.46,19,0
2026-06-01T22_21_10,23343,-47,20.38,99,14.42,4,3.532,3.625,3.675,3.591,0.000,0.000,15.11,10.71,19,8
2026-06-01T22_21_10,23344,-47,20.38,99,14.42,4,3.530,3.638,3.671,3.579,0.000,0.000,15.09,10.33,19,0
2026-06-01T22_21_10,23345,-50,19.75,99,14.42,4,3.525,3.641,3.672,3.588,0.000,0.000,15.02,10.08,19,8
2026-06-01T22_21_10,23346,-50,18.75,99,14.41,4,3.526,3.642,3.683,3.562,0.000,0.000,15.05,10.46,19,0
2026-06-01T22_21_11,23347,-53,19.50,99,14.41,4,3.522,3.641,3.683,3.563,0.000,0.000,15.02,10.33,19,8
2026-06-01T22_21_11,23348,-53,18.37,99,14.43,4,3.524,3.642,3.688,3.573,0.000,0.000,15.05,10.33,19,17
2026-06-01T22_21_11,23349,-49,18.75,99,14.43,4,3.524,3.630,3.704,3.574,0.000,0.000,14.91,10.33,19,7
2026-06-01T22_21_11,23350,-49,18.62,99,14.44,4,3.522,3.634,3.679,3.606,0.000,0.000,14.86,10.33,19,17
2026-06-01T22_21_11,23351,-49,18.62,100,14.43,4,3.524,3.630,3.679,3.595,0.000,0.000,14.85,9.71,19,7
2026-06-01T22_21_11,23352,-49,19.12,99,14.41,4,3.526,3.624,3.680,3.578,0.000,0.000,14.81,9.83,19,17
2026-06-01T22_21_11,23353,-48,18.24,100,14.42,4,3.527,3.634,3.665,3.594,0.000,0.000,14.86,9.96,19,7
2026-06-01T22_21_11,23354,-48,18.75,99,14.41,4,3.525,3.634,3.670,3.578,0.000,0.000,14.69,10.21,19,17
2026-06-01T22_21_11,23355,-51,18.49,99,14.40,4,3.524,3.638,3.671,3.569,0.000,0.000,14.67,9.96,19,7
2026-06-01T22_21_11,23356,-48,18.24,99,14.42,4,3.518,3.634,3.675,3.594,0.000,0.000,14.70,9.96,20,7
2026-06-01T22_21_11,23357,-52,18.62,99,14.41,4,3.526,3.621,3.673,3.592,0.000,0.000,14.65,9.96,19,16
2026-06-01T22_21_11,23358,-52,19.00,100,14.39,4,3.525,3.627,3.671,3.565,0.000,0.000,14.80,10.71,19,6
2026-06-01T22_21_11,23359,-49,18.37,99,14.40,4,3.523,3.634,3.662,3.581,0.000,0.000,14.72,10.21,19,16
2026-06-01T22_21_11,23360,-49,19.37,99,14.38,4,3.518,3.638,3.678,3.550,0.000,0.000,14.67,10.33,19,6
2026-06-01T22_21_11,23361,-47,19.12,99,14.41,4,3.514,3.644,3.673,3.577,0.000,0.000,14.56,9.71,19,16
2026-06-01T22_21_11,23362,-47,18.24,100,14.40,4,3.518,3.628,3.692,3.564,0.000,0.000,14.64,9.96,19,6
2026-06-01T22_21_11,23363,-47,18.75,99,14.40,4,3.517,3.621,3.689,3.569,0.000,0.000,14.48,9.83,19,16
2026-06-01T22_21_11,23364,-48,18.24,97,14.42,4,3.520,3.621,3.674,3.606,0.000,0.000,14.58,9.58,19,5
2026-06-01T22_21_12,23365,-48,18.87,99,14.40,4,3.521,3.624,3.681,3.573,0.000,0.000,14.63,10.08,19,15
2026-06-01T22_21_12,23366,-50,19.25,99,14.41,4,3.521,3.627,3.681,3.581,0.000,0.000,14.38,9.45,19,5
2026-06-01T22_21_12,23367,-50,17.99,99,14.40,4,3.519,3.623,3.674,3.588,0.000,0.000,14.44,9.83,19,15
2026-06-01T22_21_12,23368,-50,17.99,99,14.38,4,3.525,3.609,3.674,3.573,0.000,0.000,14.58,9.83,19,5
2026-06-01T22_21_12,23369,-50,18.37,99,14.38,4,3.518,3.640,3.653,3.574,0.000,0.000,14.47,10.21,19,15
2026-06-01T22_21_12,23370,-51,18.74,99,14.39,4,3.517,3.632,3.673,3.569,0.000,0.000,14.53,10.33,19,5
2026-06-01T22_21_12,23371,-51,17.99,99,14.38,4,3.516,3.629,3.682,3.549,0.000,0.000,14.48,10.08,19,15
2026-06-01T22_21_12,23372,-55,18.49,99,14.40,4,3.512,3.627,3.678,3.583,0.000,0.000,14.47,10.08,19,4
2026-06-01T22_21_12,23373,-55,18.24,99,14.38,4,3.516,3.616,3.688,3.558,0.000,0.000,14.36,10.33,19,14
2026-06-01T22_21_12,23374,-50,18.49,99,14.40,4,3.518,3.611,3.679,3.590,0.000,0.000,14.42,10.08,19,4
2026-06-01T22_21_12,23375,-50,17.99,99,14.39,4,3.516,3.622,3.662,3.589,0.000,0.000,14.37,9.96,19,14
2026-06-01T22_21_12,23376,-53,18.49,99,14.39,4,3.517,3.610,3.671,3.592,0.000,0.000,14.42,9.70,19,4
2026-06-01T22_21_12,23377,-53,18.24,99,14.37,4,3.513,3.615,3.662,3.577,0.000,0.000,14.57,9.83,19,14
2026-06-01T22_21_12,23378,-48,17.87,99,14.36,4,3.517,3.627,3.642,3.572,0.000,0.000,14.59,9.70,19,4
2026-06-01T22_21_12,23379,-48,18.75,99,14.34,4,3.514,3.619,3.661,3.542,0.000,0.000,14.51,9.58,19,14
2026-06-01T22_21_12,23380,-48,18.62,99,14.36,4,3.508,3.625,3.663,3.568,0.000,0.000,14.46,10.08,19,4
2026-06-01T22_21_12,23381,-48,18.37,99,14.38,4,3.511,3.615,3.687,3.562,0.000,0.000,14.22,9.33,19,13
2026-06-01T22_21_12,23382,-50,17.74,99,14.36,4,3.510,3.609,3.686,3.559,0.000,0.000,14.21,10.08,19,3
2026-06-01T22_21_12,23383,-50,18.24,99,14.37,4,3.511,3.620,3.665,3.570,0.000,0.000,14.38,9.83,19,13
2026-06-01T22_21_12,23384,-50,18.87,99,14.37,4,3.512,3.612,3.672,3.575,0.000,0.000,14.48,9.96,19,3
2026-06-01T22_21_13,23385,-50,18.24,99,14.37,4,3.512,3.597,3.668,3.592,0.000,0.000,14.28,10.08,19,13
2026-06-01T22_21_13,23386,-51,17.99,99,14.36,4,3.509,3.613,3.658,3.579,0.000,0.000,14.15,9.45,19,3
2026-06-01T22_21_13,23387,-51,17.74,99,14.33,4,3.512,3.609,3.657,3.554,0.000,0.000,14.33,9.70,19,13
2026-06-01T22_21_13,23388,-47,17.87,99,14.33,4,3.510,3.611,3.659,3.550,0.000,0.000,14.46,10.08,19,3
2026-06-01T22_21_13,23389,-47,18.12,99,14.34,4,3.504,3.617,3.663,3.557,0.000,0.000,14.32,9.70,19,13
2026-06-01T22_21_13,23390,-47,18.24,99,14.34,4,3.506,3.612,3.667,3.557,0.000,0.000,14.52,9.08,19,2
2026-06-01T22_21_13,23391,-47,17.99,99,14.35,4,3.506,3.608,3.676,3.559,0.000,0.000,14.29,9.83,19,12
2026-06-01T22_21_13,23392,-50,17.49,100,14.35,4,3.505,3.603,3.665,3.582,0.000,0.000,14.38,10.21,19,2
2026-06-01T22_21_13,23393,-50,18.24,99,14.34,4,3.508,3.596,3.674,3.558,0.000,0.000,14.32,9.58,19,12
2026-06-01T22_21_13,23394,-51,18.24,99,14.35,4,3.502,3.608,3.658,3.579,0.000,0.000,14.29,10.08,19,2
2026-06-01T22_21_13,23395,-51,17.87,99,14.35,4,3.507,3.606,3.649,3.587,0.000,0.000,14.14,9.83,19,12
2026-06-01T22_21_13,23396,-53,18.49,99,14.33,4,3.509,3.599,3.664,3.555,0.000,0.000,14.23,9.20,19,2
2026-06-01T22_21_13,23397,-50,17.49,99,14.35,4,3.509,3.601,3.664,3.575,0.000,0.000,14.00,9.45,19,1
2026-06-01T22_21_13,23398,-50,17.61,99,14.33,4,3.508,3.595,3.653,3.578,0.000,0.000,14.00,9.70,19,9
2026-06-01T22_21_13,23399,-49,17.87,99,14.31,4,3.503,3.613,3.631,3.559,0.000,0.000,14.08,9.96,19,1
2026-06-01T22_21_13,23400,-49,17.99,99,14.31,4,3.505,3.603,3.660,3.540,0.000,0.000,14.35,9.96,19,9
2026-06-01T22_21_13,23401,-49,18.37,99,14.33,4,3.504,3.610,3.655,3.564,0.000,0.000,14.14,10.21,19,1
2026-06-01T22_21_13,23402,-49,18.75,99,14.31,4,3.498,3.610,3.661,3.541,0.000,0.000,14.31,9.96,19,9
2026-06-01T22_21_13,23403,-57,18.49,99,14.33,4,3.504,3.603,3.669,3.557,0.000,0.000,14.15,9.33,19,1
2026-06-01T22_21_14,23404,-57,17.36,99,14.33,4,3.500,3.601,3.669,3.561,0.000,0.000,14.12,9.70,19,9
2026-06-01T22_21_14,23405,-55,18.37,99,14.34,4,3.500,3.604,3.655,3.575,0.000,0.000,14.07,9.83,19,1
2026-06-01T22_21_14,23406,-55,18.75,99,14.33,4,3.503,3.584,3.669,3.571,0.000,0.000,14.26,9.83,19,8
2026-06-01T22_21_14,23407,-50,18.74,99,14.32,4,3.503,3.595,3.648,3.573,0.000,0.000,14.07,9.58,19,0
2026-06-01T22_21_14,23408,-50,18.24,99,14.30,4,3.502,3.596,3.650,3.554,0.000,0.000,14.12,9.45,19,8
2026-06-01T22_21_14,23409,-59,17.74,99,14.30,4,3.502,3.608,3.651,3.535,0.000,0.000,14.08,9.33,19,0
2026-06-01T22_21_14,23410,-59,17.49,99,14.31,4,3.497,3.613,3.653,3.548,0.000,0.000,14.15,9.58,19,8
2026-06-01T22_21_14,23411,-51,17.74,99,14.31,4,3.496,3.606,3.650,3.561,0.000,0.000,14.00,9.96,19,0
2026-06-01T22_21_14,23412,-51,18.24,99,14.30,4,3.500,3.588,3.671,3.543,0.000,0.000,14.08,9.83,19,8
2026-06-01T22_21_14,23413,-44,18.24,99,14.32,4,3.498,3.599,3.652,3.575,0.000,0.000,13.88,9.70,19,0
2026-06-01T22_21_14,23414,-44,18.12,99,14.32,4,3.500,3.597,3.641,3.579,0.000,0.000,14.06,9.20,19,8
2026-06-01T22_21_14,23415,-50,18.87,99,14.30,4,3.503,3.587,3.654,3.558,0.000,0.000,14.04,9.20,19,17
2026-06-01T22_21_14,23416,-50,16.74,99,14.31,4,3.501,3.600,3.644,3.566,0.000,0.000,13.64,10.08,19,7
2026-06-01T22_21_14,23417,-50,18.12,99,14.31,4,3.500,3.606,3.641,3.565,0.000,0.000,13.89,9.08,19,17
2026-06-01T22_21_14,23418,-50,17.62,100,14.30,4,3.503,3.602,3.673,3.525,0.000,0.000,13.69,9.83,19,7
2026-06-01T22_21_14,23419,-50,17.99,98,14.34,4,3.500,3.600,3.671,3.565,0.000,0.000,13.64,9.70,19,17
2026-06-01T22_21_14,23420,-50,17.11,98,14.39,4,3.513,3.613,3.684,3.584,0.000,0.000,13.09,9.58,19,7
2026-06-01T22_21_14,23421,-50,18.12,97,14.40,4,3.526,3.610,3.692,3.567,0.000,0.000,12.40,9.45,19,17
2026-06-01T22_21_14,23422,-51,15.35,99,14.43,4,3.538,3.623,3.678,3.594,0.000,0.000,12.10,7.44,19,7
2026-06-01T22_21_14,23423,-51,14.98,95,14.54,4,3.548,3.650,3.714,3.630,0.000,0.000,11.04,6.69,19,17
2026-06-01T22_21_15,23424,-55,14.35,92,14.64,4,3.589,3.683,3.722,3.645,0.000,0.000,9.12,4.93,19,6
2026-06-01T22_21_15,23425,-55,12.72,92,14.65,4,3.596,3.686,3.735,3.638,0.000,0.000,8.79,4.81,19,16
2026-06-01T22_21_15,23426,-47,13.72,94,14.65,4,3.590,3.688,3.725,3.644,0.000,0.000,9.17,5.18,19,6
2026-06-01T22_21_15,23427,-47,13.72,91,14.65,4,3.594,3.672,3.727,3.653,0.000,0.000,9.27,3.93,19,16
2026-06-01T22_21_15,23428,-54,13.85,91,14.64,4,3.593,3.682,3.728,3.633,0.000,0.000,9.33,5.06,19,6
2026-06-01T22_21_15,23429,-54,14.85,90,14.69,4,3.590,3.694,3.746,3.665,0.000,0.000,9.28,4.30,19,16
2026-06-01T22_21_15,23430,-56,12.72,91,14.67,4,3.595,3.694,3.727,3.657,0.000,0.000,8.81,3.17,19,6
2026-06-01T22_21_15,23431,-56,14.22,90,14.67,4,3.596,3.686,3.732,3.653,0.000,0.000,9.42,3.43,19,16
2026-06-01T22_21_15,23432,-54,14.85,88,14.65,4,3.590,3.687,3.734,3.643,0.000,0.000,9.38,4.18,19,6
2026-06-01T22_21_15,23433,-54,14.22,90,14.63,4,3.590,3.676,3.726,3.640,0.000,0.000,9.82,3.80,19,15
2026-06-01T22_21_15,23434,-50,14.98,92,14.63,4,3.576,3.687,3.731,3.635,0.000,0.000,10.20,4.81,19,5
2026-06-01T22_21_15,23435,-50,15.61,89,14.63,4,3.588,3.671,3.710,3.657,0.000,0.000,9.96,5.06,19,15
2026-06-01T22_21_15,23436,-51,15.10,91,14.64,4,3.576,3.687,3.713,3.660,0.000,0.000,10.07,4.56,19,5
2026-06-01T22_21_15,23437,-51,16.74,89,14.59,4,3.582,3.664,3.715,3.634,0.000,0.000,9.98,4.68,19,15
2026-06-01T22_21_15,23438,-53,16.11,87,14.63,4,3.569,3.678,3.718,3.661,0.000,0.000,10.36,4.43,19,5
2026-06-01T22_21_15,23439,-53,14.60,88,14.67,4,3.595,3.684,3.725,3.664,0.000,0.000,9.65,4.30,19,15
2026-06-01T22_21_15,23440,-53,14.23,87,14.72,4,3.601,3.699,3.748,3.668,0.000,0.000,8.49,3.05,19,5
2026-06-01T22_21_15,23441,-53,14.48,87,14.69,4,3.602,3.700,3.730,3.655,0.000,0.000,8.68,2.42,19,15
2026-06-01T22_21_15,23442,-52,15.35,87,14.69,4,3.601,3.690,3.734,3.667,0.000,0.000,9.03,2.67,19,4
2026-06-01T22_21_15,23443,-52,16.86,87,14.68,4,3.595,3.702,3.720,3.663,0.000,0.000,8.89,2.67,19,14
2026-06-01T22_21_16,23444,-53,14.98,87,14.66,4,3.594,3.698,3.719,3.652,0.000,0.000,9.34,1.79,19,4
2026-06-01T22_21_16,23445,-53,15.61,87,14.66,4,3.594,3.684,3.739,3.643,0.000,0.000,9.81,2.92,19,14
2026-06-01T22_21_16,23446,-52,16.11,87,14.65,4,3.584,3.692,3.731,3.642,0.000,0.000,9.70,3.05,19,4
2026-06-01T22_21_16,23447,-52,15.86,87,14.64,4,3.589,3.688,3.724,3.633,0.000,0.000,10.54,5.31,19,14
2026-06-01T22_21_16,23448,-51,16.48,88,14.66,4,3.585,3.690,3.710,3.673,0.000,0.000,9.58,3.93,19,4
2026-06-01T22_21_16,23449,-51,15.35,87,14.65,4,3.579,3.690,3.721,3.661,0.000,0.000,9.27,2.04,19,14
2026-06-01T22_21_16,23450,-51,17.87,87,14.63,4,3.584,3.688,3.707,3.649,0.000,0.000,10.39,3.68,19,4
2026-06-01T22_21_16,23451,-51,16.11,87,14.62,4,3.585,3.661,3.729,3.645,0.000,0.000,9.94,3.80,19,13
2026-06-01T22_21_16,23452,-50,15.86,87,14.64,4,3.580,3.673,3.723,3.663,0.000,0.000,10.71,6.06,19,3
2026-06-01T22_21_16,23453,-50,16.36,87,14.59,4,3.574,3.689,3.722,3.605,0.000,0.000,11.16,5.94,19,13
2026-06-01T22_21_16,23454,-53,15.86,88,14.61,4,3.583,3.661,3.728,3.640,0.000,0.000,10.64,4.05,19,3
2026-06-01T22_21_16,23455,-53,16.11,87,14.62,4,3.578,3.670,3.719,3.650,0.000,0.000,10.55,4.43,19,13
2026-06-01T22_21_16,23456,-49,16.86,87,14.61,4,3.580,3.666,3.729,3.631,0.000,0.000,11.03,4.81,19,3
2026-06-01T22_21_16,23457,-49,18.12,87,14.61,4,3.573,3.682,3.720,3.631,0.000,0.000,9.32,3.30,19,13
2026-06-01T22_21_16,23458,-48,17.74,87,14.58,4,3.579,3.678,3.710,3.618,0.000,0.000,9.54,3.05,19,3
2026-06-01T22_21_16,23459,-48,17.61,87,14.59,4,3.578,3.659,3.728,3.629,0.000,0.000,10.49,3.43,19,13
2026-06-01T22_21_16,23460,-54,17.99,87,14.61,4,3.570,3.676,3.728,3.634,0.000,0.000,9.38,3.30,19,2
2026-06-01T22_21_16,23461,-54,17.99,87,14.60,4,3.569,3.680,3.725,3.621,0.000,0.000,9.63,3.93,19,12
2026-06-01T22_21_16,23462,-54,17.36,87,14.55,4,3.575,3.669,3.710,3.597,0.000,0.000,10.12,3.43,19,2
2026-06-01T22_21_16,23463,-54,16.86,87,14.57,4,3.570,3.664,3.716,3.620,0.000,0.000,10.89,4.56,19,12
2026-06-01T22_21_17,23464,-54,17.99,87,14.61,4,3.568,3.672,3.718,3.652,0.000,0.000,9.72,3.43,19,2
2026-06-01T22_21_17,23465,-52,16.99,87,14.57,4,3.575,3.668,3.730,3.596,0.000,0.000,10.56,3.17,19,12
2026-06-01T22_21_17,23466,-52,15.73,87,14.58,4,3.576,3.665,3.718,3.619,0.000,0.000,10.35,2.67,19,2
2026-06-01T22_21_17,23467,-55,16.99,87,14.59,4,3.568,3.676,3.695,3.648,0.000,0.000,10.81,4.05,19,12
2026-06-01T22_21_17,23468,-55,16.11,87,14.58,4,3.568,3.669,3.723,3.622,0.000,0.000,10.68,4.05,19,1
2026-06-01T22_21_17,23469,-53,17.11,87,14.58,4,3.569,3.662,3.715,3.636,0.000,0.000,10.23,4.81,19,11
2026-06-01T22_21_17,23470,-53,16.23,87,14.65,4,3.583,3.699,3.720,3.648,0.000,0.000,10.20,2.80,19,1
2026-06-01T22_21_17,23471,-54,14.85,84,14.70,4,3.607,3.710,3.735,3.652,0.000,0.000,8.47,1.54,19,11
2026-06-01T22_21_17,23472,-54,14.10,80,14.79,4,3.625,3.723,3.737,3.706,0.000,0.000,7.73,0.79,19,1
2026-06-01T22_21_17,23473,-53,13.72,82,14.81,4,3.619,3.735,3.763,3.692,0.000,0.000,7.40,0.29,19,11
2026-06-01T22_21_17,23474,-53,14.35,83,14.80,4,3.624,3.736,3.764,3.680,0.000,0.000,7.61,1.17,19,1
2026-06-01T22_21_17,23475,-49,14.98,82,14.80,4,3.620,3.729,3.740,3.707,0.000,0.000,7.88,1.17,19,11
2026-06-01T22_21_17,23476,-49,14.85,79,14.80,4,3.636,3.731,3.757,3.679,0.000,0.000,7.61,1.04,19,1
2026-06-01T22_21_17,23477,-52,13.22,80,14.84,4,3.643,3.731,3.772,3.696,0.000,0.000,6.74,0.41,19,10
2026-06-01T22_21_17,23478,-52,13.72,79,14.87,4,3.640,3.744,3.766,3.719,0.000,0.000,6.67,0.16,19,0
2026-06-01T22_21_17,23479,-51,13.34,80,14.84,4,3.643,3.740,3.760,3.696,0.000,0.000,6.74,-0.22,19,10
2026-06-01T22_21_17,23480,-51,13.72,79,14.85,4,3.639,3.751,3.759,3.697,0.000,0.000,7.26,-0.09,19,0
2026-06-01T22_21_17,23481,-47,14.60,79,14.85,4,3.636,3.735,3.758,3.719,0.000,0.000,7.53,1.04,18,10
2026-06-01T22_21_17,23482,-47,13.60,80,14.82,4,3.637,3.737,3.748,3.700,0.000,0.000,7.02,0.79,19,0
2026-06-01T22_21_17,23483,-44,14.85,79,14.82,4,3.638,3.729,3.761,3.688,0.000,0.000,7.80,1.79,18,10
2026-06-01T22_21_18,23484,-44,14.60,79,14.83,4,3.632,3.737,3.761,3.697,0.000,0.000,7.58,0.54,19,0
2026-06-01T22_21_18,23485,-47,14.85,79,14.80,4,3.628,3.734,3.759,3.681,0.000,0.000,7.93,0.41,19,10
2026-06-01T22_21_18,23486,-47,15.35,79,14.83,4,3.626,3.727,3.759,3.719,0.000,0.000,8.09,0.79,19,1
2026-06-01T22_21_18,23487,-46,16.36,79,14.81,4,3.623,3.730,3.747,3.706,0.000,0.000,7.79,0.91,19,9
2026-06-01T22_21_18,23488,-46,16.11,79,14.78,4,3.627,3.713,3.769,3.673,0.000,0.000,8.08,0.54,19,1
2026-06-01T22_21_18,23489,-45,15.86,79,14.78,4,3.625,3.717,3.742,3.700,0.000,0.000,7.87,1.67,19,9
2026-06-01T22_21_18,23490,-45,15.48,79,14.76,4,3.624,3.714,3.743,3.682,0.000,0.000,8.39,2.30,19,1
2026-06-01T22_21_18,23491,-47,15.35,79,14.78,4,3.625,3.715,3.757,3.681,0.000,0.000,8.58,2.30,19,9
2026-06-01T22_21_18,23492,-47,16.11,79,14.76,4,3.621,3.715,3.754,3.668,0.000,0.000,7.98,1.54,19,0
2026-06-01T22_21_18,23493,-47,16.23,79,14.77,4,3.618,3.718,3.763,3.674,0.000,0.000,8.20,2.04,19,9
2026-06-01T22_21_18,23494,-47,15.10,80,14.78,4,3.616,3.723,3.751,3.693,0.000,0.000,7.93,0.29,19,0
2026-06-01T22_21_18,23495,-52,15.86,79,14.76,4,3.613,3.715,3.751,3.683,0.000,0.000,7.92,0.54,19,8
2026-06-01T22_21_18,23496,-52,16.61,79,14.74,4,3.621,3.703,3.746,3.669,0.000,0.000,8.83,1.67,19,0
2026-06-01T22_21_18,23497,-52,15.98,79,14.75,4,3.615,3.723,3.746,3.668,0.000,0.000,8.74,0.79,19,8
2026-06-01T22_21_18,23498,-51,16.48,79,14.75,4,3.614,3.715,3.757,3.664,0.000,0.000,8.57,0.91,19,5
2026-06-01T22_21_18,23499,-51,17.11,79,14.78,4,3.618,3.719,3.757,3.689,0.000,0.000,8.07,0.66,19,15
2026-06-01T22_21_18,23500,-51,16.61,78,14.79,4,3.633,3.722,3.756,3.683,0.000,0.000,8.07,0.66,19,4
2026-06-01T22_21_18,23501,-51,14.98,77,14.85,4,3.637,3.742,3.764,3.702,0.000,0.000,7.31,0.41,19,15
2026-06-01T22_21_19,23502,-49,14.85,75,14.85,4,3.644,3.738,3.778,3.691,0.000,0.000,7.37,0.66,19,4
2026-06-01T22_21_19,23503,-49,17.36,76,14.87,4,3.640,3.744,3.773,3.712,0.000,0.000,7.22,-0.09,19,14
2026-06-01T22_21_19,23504,-50,14.73,75,14.87,4,3.653,3.743,3.767,3.710,0.000,0.000,7.09,-0.09,19,4
2026-06-01T22_21_19,23505,-50,13.60,75,14.94,4,3.663,3.760,3.792,3.724,0.000,0.000,5.81,-0.72,19,14
2026-06-01T22_21_19,23506,-49,12.09,75,15.02,4,3.684,3.789,3.819,3.724,0.000,0.000,5.00,-1.85,19,4
2026-06-01T22_21_19,23507,-49,10.96,71,15.09,4,3.703,3.792,3.800,3.799,0.000,0.000,4.30,-1.60,19,14
2026-06-01T22_21_19,23508,-47,12.09,71,15.09,4,3.700,3.799,3.809,3.777,0.000,0.000,4.21,-2.85,19,4
2026-06-01T22_21_19,23509,-47,11.21,71,15.06,4,3.693,3.800,3.810,3.760,0.000,0.000,4.25,-2.60,19,14
2026-06-01T22_21_19,23510,-50,12.84,68,15.05,4,3.700,3.787,3.813,3.752,0.000,0.000,4.69,-2.35,19,3
2026-06-01T22_21_19,23511,-50,13.97,70,15.05,4,3.688,3.780,3.815,3.766,0.000,0.000,4.76,-2.22,19,13
2026-06-01T22_21_19,23512,-53,13.22,68,15.01,4,3.686,3.783,3.789,3.755,0.000,0.000,5.10,-1.22,19,3
2026-06-01T22_21_19,23513,-53,12.97,71,15.00,4,3.685,3.780,3.794,3.745,0.000,0.000,5.32,-2.48,19,13
2026-06-01T22_21_19,23514,-50,14.48,71,15.00,4,3.683,3.779,3.789,3.748,0.000,0.000,5.67,-1.60,19,3
2026-06-01T22_21_19,23515,-50,15.23,71,15.00,4,3.680,3.772,3.796,3.748,0.000,0.000,6.07,-1.22,19,13
2026-06-01T22_21_19,23516,-50,14.48,71,14.98,4,3.677,3.775,3.792,3.735,0.000,0.000,6.03,-2.23,19,3
2026-06-01T22_21_19,23517,-50,15.61,70,14.97,4,3.676,3.774,3.790,3.733,0.000,0.000,6.30,-3.10,19,13
2026-06-01T22_21_19,23518,-47,14.60,71,14.97,4,3.666,3.778,3.800,3.727,0.000,0.000,5.83,-2.35,19,2
2026-06-01T22_21_19,23519,-47,14.35,71,14.97,4,3.669,3.771,3.781,3.745,0.000,0.000,6.00,-1.85,19,12
2026-06-01T22_21_19,23520,-47,15.10,70,14.97,4,3.666,3.768,3.776,3.758,0.000,0.000,6.30,-2.48,19,2
2026-06-01T22_21_19,23521,-53,15.61,71,14.96,4,3.660,3.774,3.788,3.743,0.000,0.000,6.74,-1.22,19,12
2026-06-01T22_21_20,23522,-53,15.73,71,14.94,4,3.668,3.772,3.784,3.713,0.000,0.000,6.77,-0.97,19,2
2026-06-01T22_21_20,23523,-53,15.23,71,14.95,4,3.669,3.759,3.785,3.737,0.000,0.000,6.31,-1.35,19,12
2026-06-01T22_21_20,23524,-53,14.73,68,14.95,4,3.660,3.765,3.791,3.731,0.000,0.000,6.51,-0.84,19,2
2026-06-01T22_21_20,23525,-50,16.36,70,14.93,4,3.660,3.774,3.781,3.716,0.000,0.000,6.94,-0.84,19,12
2026-06-01T22_21_20,23526,-50,16.23,71,14.99,4,3.682,3.772,3.802,3.733,0.000,0.000,6.40,-1.35,19,2
2026-06-01T22_21_20,23527,-50,11.71,66,15.14,4,3.720,3.801,3.828,3.786,0.000,0.000,3.77,-3.23,19,12
2026-06-01T22_21_20,23528,-50,9.08,59,15.37,4,3.774,3.878,3.869,3.846,0.000,0.000,1.49,-6.12,19,1
2026-06-01T22_21_20,23529,-49,5.69,58,15.46,4,3.803,3.897,3.873,3.885,0.000,0.007,-1.03,-7.25,19,11
2026-06-01T22_21_20,23530,-49,2.55,52,15.64,4,3.856,3.953,3.925,3.904,0.000,0.008,-3.07,-10.77,19,1
2026-06-01T22_21_20,23531,-51,2.29,50,15.67,4,3.868,3.946,3.937,3.919,0.000,0.015,-3.80,-11.77,19,11
2026-06-01T22_21_20,23532,-51,2.29,44,15.89,4,3.923,4.020,3.967,3.979,0.000,0.018,-5.90,-17.80,19,1
2026-06-01T22_21_20,23533,-49,6.56,29,16.12,4,3.986,4.064,4.026,4.049,0.000,0.033,-9.29,-31.36,19,11
2026-06-01T22_21_20,23534,-49,8.32,11,16.08,4,3.979,4.058,4.028,4.020,0.000,0.027,-10.17,-45.80,19,1
2026-06-01T22_21_20,23535,-53,13.97,0,15.85,4,3.897,3.984,3.962,4.010,0.000,0.008,-4.87,-47.18,19,11
2026-06-01T22_21_20,23536,-53,11.83,0,15.77,4,3.888,3.979,3.988,3.911,0.000,0.007,-4.24,-43.29,19,1
2026-06-01T22_21_20,23537,-51,10.20,0,15.72,4,3.872,3.987,3.950,3.910,0.000,0.008,-2.36,-27.47,19,11
2026-06-01T22_21_20,23538,-51,3.30,0,15.71,4,3.875,3.973,3.929,3.934,0.000,0.005,-3.64,-36.13,19,1
2026-06-01T22_21_20,23539,-48,7.81,0,15.65,4,3.862,3.941,3.944,3.898,0.000,0.004,-1.81,-26.21,19,11
2026-06-01T22_21_20,23540,-48,2.17,0,15.63,4,3.854,3.954,3.927,3.897,0.000,0.000,-1.50,-20.43,19,1
2026-06-01T22_21_20,23541,-48,2.92,0,15.62,4,3.849,3.942,3.920,3.913,0.000,0.001,-1.10,-14.28,18,10
2026-06-01T22_21_21,23542,-48,1.54,3,15.61,4,3.843,3.939,3.924,3.907,0.000,0.000,-1.01,-8.88,19,0
2026-06-01T22_21_21,23543,-53,1.04,0,15.60,4,3.840,3.938,3.922,3.905,0.000,0.000,-0.67,-4.99,19,10
2026-06-01T22_21_21,23544,-53,0.91,0,15.60,4,3.837,3.936,3.922,3.903,0.000,0.000,-0.53,-2.35,19,0
2026-06-01T22_21_21,23545,-47,1.29,0,15.59,4,3.836,3.935,3.921,3.902,0.000,0.000,-0.61,-2.48,19,10
2026-06-01T22_21_21,23546,-47,1.29,0,15.59,4,3.836,3.935,3.920,3.902,0.000,0.000,-0.48,-1.47,19,0
2026-06-01T22_21_21,23547,-56,1.67,0,15.59,4,3.836,3.934,3.920,3.902,0.000,0.001,-0.44,-2.23,19,10
2026-06-01T22_21_21,23548,-56,0.66,0,15.59,4,3.836,3.935,3.920,3.902,0.000,0.001,-0.50,-1.72,19,0
2026-06-01T22_21_21,23549,-59,0.91,0,15.59,4,3.836,3.935,3.921,3.902,0.000,0.000,-0.35,-1.72,19,10
2026-06-01T22_21_21,23550,-59,0.79,0,15.59,4,3.836,3.936,3.920,3.902,0.000,0.000,-0.39,-1.60,19,0
2026-06-01T22_21_21,23551,-55,0.54,0,15.60,4,3.837,3.936,3.922,3.904,0.000,0.000,-0.41,-1.72,19,9
2026-06-01T22_21_21,23552,-55,0.91,0,15.60,4,3.838,3.936,3.923,3.905,0.000,0.000,-0.38,-2.35,19,0
2026-06-01T22_21_21,23553,-51,1.04,0,15.60,4,3.838,3.938,3.923,3.906,0.000,0.000,-0.36,-1.97,19,9
2026-06-01T22_21_21,23554,-51,1.16,0,15.61,4,3.839,3.939,3.923,3.905,0.000,0.000,-0.41,-1.47,19,0
2026-06-01T22_21_21,23555,-53,1.16,0,15.61,4,3.840,3.939,3.925,3.907,0.000,0.000,-0.38,-1.47,19,9
2026-06-01T22_21_21,23556,-53,1.04,0,15.61,4,3.840,3.939,3.925,3.907,0.000,0.000,-0.36,-1.22,19,0
2026-06-01T22_21_21,23557,-56,0.79,0,15.61,4,3.841,3.940,3.925,3.907,0.000,0.000,-0.32,-1.22,18,9
2026-06-01T22_21_21,23558,-56,0.66,0,15.62,4,3.841,3.941,3.926,3.909,0.000,0.000,-0.40,-1.35,19,0
2026-06-01T22_21_21,23559,-52,1.42,0,15.62,4,3.842,3.942,3.926,3.911,0.000,0.000,-0.38,-1.22,19,8
2026-06-01T22_21_21,23560,-52,0.66,0,15.62,4,3.843,3.942,3.928,3.910,0.000,0.000,-0.41,-1.60,19,18
2026-06-01T22_21_21,23561,-51,0.91,0,15.62,4,3.843,3.943,3.927,3.911,0.000,0.000,-0.45,-1.47,19,8
2026-06-01T22_21_22,23562,-51,1.29,0,15.63,4,3.844,3.944,3.929,3.911,0.000,0.000,-0.36,-1.22,19,18
2026-06-01T22_21_22,23563,-51,1.04,0,15.63,4,3.845,3.945,3.930,3.912,0.000,0.000,-0.32,-1.60,19,8
2026-06-01T22_21_22,23564,-47,1.16,0,15.63,4,3.846,3.946,3.930,3.913,0.000,0.000,-0.33,-1.35,19,18
2026-06-01T22_21_22,23565,-47,0.79,0,15.64,4,3.846,3.946,3.931,3.914,0.000,0.000,-0.47,-1.47,19,8
2026-06-01T22_21_22,23566,-51,1.04,0,15.64,4,3.847,3.947,3.931,3.914,0.000,0.000,-0.34,-1.47,19,18
2026-06-01T22_21_22,23567,-51,1.04,0,15.64,4,3.847,3.948,3.931,3.915,0.000,0.000,-0.37,-1.35,19,8
2026-06-01T22_21_22,23568,-53,0.91,0,15.64,4,3.848,3.948,3.932,3.916,0.000,0.000,-0.37,-1.35,19,17
2026-06-01T22_21_22,23569,-53,0.79,0,15.65,4,3.848,3.949,3.932,3.916,0.000,0.000,-0.45,-1.47,19,7
2026-06-01T22_21_22,23570,-49,1.04,0,15.65,4,3.849,3.950,3.933,3.916,0.000,0.000,-0.37,-1.22,19,17
2026-06-01T22_21_22,23571,-49,1.29,0,15.65,4,3.850,3.951,3.933,3.918,0.000,0.000,-0.34,-1.35,19,7
2026-06-01T22_21_22,23572,-46,1.04,0,15.65,4,3.850,3.951,3.934,3.918,0.000,0.000,-0.35,-1.47,19,17
2026-06-01T22_21_22,23573,-46,1.67,2,15.66,4,3.851,3.952,3.935,3.918,0.000,0.000,-0.31,-1.35,19,7
2026-06-01T22_21_22,23574,-50,0.79,0,15.66,4,3.852,3.952,3.936,3.919,0.000,0.000,-0.41,-1.85,19,17
2026-06-01T22_21_22,23575,-50,1.42,0,15.66,4,3.852,3.953,3.936,3.920,0.000,0.000,-0.33,-1.72,19,7
2026-06-01T22_21_22,23576,-42,1.16,0,15.66,4,3.853,3.953,3.936,3.921,0.000,0.000,-0.31,-1.72,19,17
2026-06-01T22_21_22,23577,-42,0.79,0,15.67,4,3.853,3.954,3.937,3.921,0.000,0.000,-0.40,-1.60,19,6
2026-06-01T22_21_22,23578,-49,1.04,0,15.67,4,3.854,3.955,3.937,3.921,0.000,0.000,-0.38,-1.47,19,16
2026-06-01T22_21_22,23579,-49,1.29,0,15.67,4,3.854,3.956,3.937,3.923,0.000,0.000,-0.31,-1.35,19,6
2026-06-01T22_21_22,23580,-54,0.91,0,15.67,4,3.855,3.956,3.938,3.923,0.000,0.000,-0.32,-1.22,19,16
2026-06-01T22_21_22,23581,-54,1.29,0,15.68,4,3.855,3.957,3.938,3.925,0.000,0.000,-0.30,-1.47,19,6
2026-06-01T22_21_23,23582,-51,0.91,0,15.68,4,3.856,3.958,3.939,3.923,0.000,0.000,-0.43,-1.47,19,16
2026-06-01T22_21_23,23583,-51,0.91,0,15.68,4,3.857,3.958,3.940,3.925,0.000,0.000,-0.30,-1.35,19,6
2026-06-01T22_21_23,23584,-46,0.91,0,15.68,4,3.857,3.958,3.941,3.926,0.000,0.000,-0.39,-1.60,19,16
2026-06-01T22_21_23,23585,-46,0.66,0,15.68,4,3.858,3.959,3.941,3.926,0.000,0.000,-0.34,-1.35,19,5
2026-06-01T22_21_23,23586,-49,1.04,0,15.69,4,3.858,3.959,3.942,3.926,0.000,0.000,-0.31,-1.35,19,15
2026-06-01T22_21_23,23587,-49,0.91,0,15.69,4,3.859,3.960,3.942,3.926,0.000,0.000,-0.32,-1.47,19,5
2026-06-01T22_21_23,23588,-49,2.42,0,15.69,4,3.859,3.960,3.942,3.927,0.000,0.000,-0.36,-1.47,19,15
